bin,lower,upper,count,accuracy,mean_confidence,abs_gap
1,0.0,0.06666666666666667,0,,,
2,0.06666666666666667,0.13333333333333333,0,,,
3,0.13333333333333333,0.2,0,,,
4,0.2,0.26666666666666666,0,,,
5,0.26666666666666666,0.3333333333333333,0,,,
6,0.3333333333333333,0.4,1,1.0,0.38998889923095703,0.610011100769043
7,0.4,0.4666666666666667,3,1.0,0.4388367335001628,0.5611632664998372
8,0.4666666666666667,0.5333333333333333,26,0.5769230769230769,0.5073772760537955,0.06954580086928142
9,0.5333333333333333,0.6,52,0.5769230769230769,0.566818022957215,0.010105053965861921
10,0.6,0.6666666666666666,71,0.49295774647887325,0.6340213115786163,0.14106356509974305
11,0.6666666666666666,0.7333333333333333,87,0.5862068965517241,0.7004445297964688,0.11423763324474467
12,0.7333333333333333,0.8,96,0.6770833333333334,0.7661018626143535,0.08901852928102016
13,0.8,0.8666666666666667,132,0.7196969696969697,0.8363588687145349,0.11666189901756518
14,0.8666666666666667,0.9333333333333333,243,0.7983539094650206,0.9052365736215694,0.10688266415654879
15,0.9333333333333333,1.0,11289,0.9914075648861724,0.9911593865256386,0.0002481783605338128
