dataset,model,method,macro_f1_percent,corrected,introduced,N,baseline_correct,net,accuracy_percent,change_pp,exact_p,holm_p,ci_low_pp,ci_high_pp
Reddit,Llama 2,Direct,96.9898,45,36,12000,11630,9,96.99166666666666,0.075,0.37417441760470777,1.0,-0.075,0.225
Reddit,Llama 2,CoT,96.924,48,47,12000,11630,1,96.925,0.008333333333333333,1.0,1.0,-0.15,0.16666666666666666
Reddit,Llama 2,SELF-DISCOVER,96.9391,52,49,12000,11630,3,96.94166666666666,0.025,0.8423820985077435,1.0,-0.14166666666666666,0.19166666666666668
Reddit,Llama 3,Direct,97.1056,68,45,12000,11630,23,97.10833333333333,0.19166666666666668,0.038018645582796294,0.22811187349677775,0.016666666666666666,0.36666666666666664
Reddit,Llama 3,CoT,97.1471,63,35,12000,11630,28,97.15,0.23333333333333334,0.00609262967206472,0.04790496453642846,0.075,0.39166666666666666
Reddit,Llama 3,SELF-DISCOVER,97.199,72,38,12000,11630,34,97.2,0.2833333333333333,0.001533052576472405,0.015137195587158203,0.11666666666666667,0.4583333333333333
Mixed Emotion,Llama 2,Direct,75.1627,11,33,300,251,-22,76.33333333333333,-7.333333333333333,0.0012600338162656044,0.013860371978921648,-11.666666666666666,-3.0
Mixed Emotion,Llama 2,CoT,78.9298,19,33,300,251,-14,79.0,-4.666666666666667,0.07039422106706228,0.3519711053353114,-9.333333333333334,0.0
Mixed Emotion,Llama 2,SELF-DISCOVER,89.3452,22,5,300,251,17,89.33333333333333,5.666666666666667,0.0015137195587158203,0.015137195587158203,2.3333333333333335,9.0
Mixed Emotion,Llama 3,Direct,89.3803,26,9,300,251,17,89.33333333333333,5.666666666666667,0.005988120567053557,0.04790496453642846,2.0,9.666666666666666
Mixed Emotion,Llama 3,CoT,84.676,15,12,300,251,3,84.66666666666667,1.0,0.7011080384254456,1.0,-2.3333333333333335,4.333333333333333
Mixed Emotion,Llama 3,SELF-DISCOVER,92.6966,28,1,300,251,27,92.66666666666667,9.0,1.1175870895385742e-07,1.341104507446289e-06,5.666666666666667,12.666666666666666
