priority,location,reference,issue_type,current_state,verified_state,recommended_fix,remediation_status,remediation_note
P0,"Bibliography [32]","[32]","Wrong URL","invited_paper_5.pdf","invited_paper_5 is CENTRE@CLEF replicability; eRisk overview is invited_paper_1.pdf","Replace URL with https://ceur-ws.org/Vol-2125/invited_paper_1.pdf",completed,"Correct URL applied to the audited manuscript"
P1,"Bibliography [36]","[36]","Wrong author list","Five-author list including Rodríguez-González and Valencia-García","Six official authors: R. Salas-Zárate; G. Alor-Hernández; M. del P. Salas-Zárate; M. A. Paredes-Valverde; M. Bustos-López; J. L. Sánchez-Cervantes","Replace author list",completed,"Official six-author list applied"
P1,"Bibliography [44]","[44]","Wrong title","Medical knowledge-guided depression detection on social media with large language models","Depression Detection on Social Media with Large Language Models","Replace title with ACL version",completed,"Official ACL title applied"
P1,"Related Work transformer paragraph","[31]","Citation-claim mismatch","[31] is cited as evidence of transformer adoption","[31] is a 2019 Reddit ML/deep-learning paper, not transformer evidence","Remove [31] there and cite [33], [34], or [8]",completed,"Transformer claim now cites [8], [33], and [34]"
P2,"Related Work MentalBERT sentence","[8]","Narrative year mismatch","Ji et al. (2021)","LREC paper published in 2022","Change 2021 to 2022",completed,"Narrative year changed to 2022"
P2,"Bibliography [18]","[18]","Incomplete venue metadata","arXiv-only citation","NeurIPS 2024 paper, DOI 10.52202/079017-4004","Use conference citation",completed,"NeurIPS 2024 venue and DOI applied"
P2,"Related Work linguistic markers","[20]","Claim not fully verified","More self-focused pronouns and fewer references to others","Official abstract directly confirms more negative emotion words and more I; second phrase not verified without full text","Narrow claim or obtain full text/add supporting citation",completed,"Claim narrowed to the two markers verified in the official abstract"
P2,"Bibliography [46]","[46]","Publisher title conflict","Depression Detection...","DOI metadata says Depression Detection; official PDF says Mental Illness Detection","Confirm with publisher and standardize",completed_with_external_conflict_noted,"Version-of-record PDF title applied; publisher metadata conflict retained in audit report"
P3,"Bibliography [41]","[41]","Broad URL","TextBlob documentation homepage","Quickstart sentiment section directly states polarity range [-1,1]","Use direct sentiment-analysis documentation URL",completed,"Direct sentiment-analysis documentation URL applied"
